{
    "rmse": 0.703702778654539,
    "mae": 0.5653157593379008,
    "r2": 0.29130299815043914
}