{
    "rmse": 0.7288788230956189,
    "mae": 0.569106849504104,
    "r2": 0.26478779579676914
}